{"cameraMode":{"drawMode":0,"name":"Shaded","section":"Shading Mode"},"sceneLighting":true,"audioPlay":false,"sceneViewState":{"showFog":true,"showMaterialUpdate":false,"showSkybox":true,"showFlares":true,"showImageEffects":true,"showParticleSystems":true},"in2DMode":false,"pivot":{"x":-0.8488297462463379,"y":0.8017427921295166,"z":2.170820951461792},"rotation":{"x":-0.14774034917354585,"y":-0.7700572609901428,"z":0.19285859167575837,"w":-0.5899143815040588},"size":1.7804092168807984,"orthographic":true}